Platform,Profile URL
IG,https://www.instagram.com/mate.jimenez/
IG,https://www.instagram.com/harmonykaii
IG,https://www.instagram.com/anthonyshoosh
IG,https://www.instagram.com/w_xaxxad
IG,https://www.instagram.com/8premshanti8
IG,https://www.instagram.com/claycloses
IG,https://www.instagram.com/careyspiritmentor
IG,https://www.instagram.com/suzanneboben
IG,https://www.instagram.com/kayla_flanagan/
IG,http://instagram.com/mistermunib
IG,https://www.instagram.com/dustfreeluxury
IG,https://www.instagram.com/muneeb_3d
IG,https://instagram.com/themintedluxury
IG,https://www.instagram.com/corpgirliegonedigital
